-- --------------------------------------------------------
-- Hôte :                        localhost
-- Version du serveur:           10.3.24-MariaDB - mariadb.org binary distribution
-- SE du serveur:                Win64
-- HeidiSQL Version:             10.2.0.5599
-- --------------------------------------------------------

/*!40101 SET @OLD_CHARACTER_SET_CLIENT=@@CHARACTER_SET_CLIENT */;
/*!40101 SET NAMES utf8 */;
/*!50503 SET NAMES utf8mb4 */;
/*!40014 SET @OLD_FOREIGN_KEY_CHECKS=@@FOREIGN_KEY_CHECKS, FOREIGN_KEY_CHECKS=0 */;
/*!40101 SET @OLD_SQL_MODE=@@SQL_MODE, SQL_MODE='NO_AUTO_VALUE_ON_ZERO' */;

-- Listage des données de la table projet_ntiers.destinations : ~5 rows (environ)
/*!40000 ALTER TABLE `destinations` DISABLE KEYS */;
INSERT INTO `destinations` (`id`, `school`, `city`, `country`, `latitude`, `longitude`, `img_path`, `status`) VALUES
	(1, 'Institut de technologie de l\'Illinois', 'Chicago', 'États-Unis', 41.8348731, -87.6270059, 'https://upload.wikimedia.org/wikipedia/commons/thumb/2/29/McCormick_Tribune_060304.jpg/1280px-McCormick_Tribune_060304.jpg', 1),
	(2, 'Université du Québec à Chicoutimi', 'Chicoutimi', 'Canada', 48.419008, -71.052621, 'https://img.src.ca/2015/08/14/1250x703/150814_w97ue_uqac_sn1250.jpg', 1),
	(3, 'Huazhong University of Science and Technology', 'Wuhan', 'Chine', 30.5130043, 114.4202756, 'https://ccesedu.com/wp-content/uploads/2019/01/0118_1.jpg', 1),
	(4, 'École nationale des sciences appliquées de Tanger', 'Tanger', 'Maroc', 35.7632692, -5.833379, 'https://www.etudiant.ma/uploads/entrance_exam/cover/171/large_ensa-tanger.jpg', 1),
	(5, 'École nationale supérieure d\'informatique et d\'analyse des systèmes', 'Rabat', 'Maroc', 33.9843118, -6.8676019, 'https://upload.wikimedia.org/wikipedia/commons/3/30/Ensias4.jpg', 1);
/*!40000 ALTER TABLE `destinations` ENABLE KEYS */;

-- Listage des données de la table projet_ntiers.mobilities : ~500 rows (environ)
/*!40000 ALTER TABLE `mobilities` DISABLE KEYS */;
INSERT INTO `mobilities` (`id`, `student_id`, `program_id`, `start_date`, `end_date`, `submission_date`, `status`) VALUES
	(1, 129, 19, '2021-04-08', '2022-08-12', '2020-10-01 03:10:15', 0),
	(2, 95, 16, '2021-01-18', '2022-12-10', '2019-07-25 11:41:48', 0),
	(3, 69, 3, '2021-07-03', '2022-07-30', '2020-02-12 19:40:28', 0),
	(4, 11, 13, '2021-06-29', '2022-01-07', '2019-02-19 03:01:34', 0),
	(5, 101, 14, '2021-08-10', '2022-11-01', '2019-08-10 22:34:58', 0),
	(6, 102, 12, '2021-04-18', '2022-05-24', '2020-01-27 10:12:44', 0),
	(7, 118, 8, '2021-02-20', '2022-02-22', '2019-09-15 02:19:28', 0),
	(8, 113, 4, '2021-10-06', '2022-01-18', '2019-05-24 18:29:19', 0),
	(9, 36, 14, '2021-04-18', '2022-07-06', '2019-06-10 07:28:48', 0),
	(10, 91, 9, '2021-01-06', '2022-08-23', '2019-08-09 09:20:23', 0),
	(11, 60, 17, '2021-06-11', '2022-08-08', '2019-09-17 01:58:29', 0),
	(12, 103, 14, '2021-05-03', '2022-04-15', '2020-04-17 20:47:20', 0),
	(13, 82, 8, '2021-09-08', '2022-05-10', '2019-10-03 23:52:39', 0),
	(14, 80, 2, '2021-10-17', '2022-04-06', '2019-07-19 15:26:54', 0),
	(15, 4, 1, '2021-10-22', '2022-06-19', '2019-07-09 15:41:00', 0),
	(16, 64, 9, '2021-10-22', '2022-07-06', '2019-02-03 07:26:18', 0),
	(17, 71, 9, '2021-10-25', '2022-03-05', '2020-12-18 07:24:50', 0),
	(18, 81, 13, '2021-10-06', '2022-04-14', '2019-10-18 12:23:23', 0),
	(19, 70, 7, '2021-02-05', '2022-09-03', '2019-05-19 16:09:58', 0),
	(20, 66, 2, '2021-06-13', '2022-05-28', '2020-11-18 15:10:19', 0),
	(21, 45, 12, '2021-01-05', '2022-12-29', '2020-11-04 20:51:34', 0),
	(22, 16, 3, '2021-09-17', '2022-10-08', '2019-01-16 18:56:19', 0),
	(23, 30, 18, '2021-06-15', '2022-01-20', '2020-04-11 16:39:19', 0),
	(24, 20, 18, '2021-12-27', '2022-02-04', '2019-02-10 20:33:44', 0),
	(25, 40, 15, '2021-09-16', '2022-11-17', '2020-03-08 09:31:47', 0),
	(26, 26, 16, '2021-10-29', '2022-12-28', '2020-07-26 10:10:29', 0),
	(27, 129, 7, '2021-10-10', '2022-03-12', '2019-03-18 17:38:19', 0),
	(28, 78, 16, '2021-08-09', '2022-01-22', '2019-01-09 22:23:18', 0),
	(29, 74, 18, '2021-12-18', '2022-01-07', '2020-08-13 19:50:10', 0),
	(30, 123, 3, '2021-11-13', '2022-10-08', '2019-03-06 10:41:10', 0),
	(31, 55, 13, '2021-07-20', '2022-02-06', '2019-03-19 19:40:15', 0),
	(32, 125, 19, '2021-05-15', '2022-01-21', '2020-03-10 09:49:15', 0),
	(33, 2, 1, '2021-12-27', '2022-02-15', '2020-07-04 07:15:18', 0),
	(34, 109, 3, '2021-04-20', '2022-04-13', '2019-12-03 00:02:44', 0),
	(35, 117, 6, '2021-01-03', '2022-09-23', '2019-02-24 07:46:14', 0),
	(36, 86, 12, '2021-12-09', '2022-04-12', '2019-08-17 13:00:24', 0),
	(37, 62, 10, '2021-11-05', '2022-07-30', '2020-11-28 10:52:13', 0),
	(38, 113, 9, '2021-02-13', '2022-04-20', '2019-09-24 00:42:18', 0),
	(39, 73, 16, '2021-04-25', '2022-06-16', '2020-04-22 03:21:24', 0),
	(40, 16, 9, '2021-11-20', '2022-01-21', '2019-03-04 10:16:49', 0),
	(41, 80, 5, '2021-02-10', '2022-09-17', '2020-08-20 11:06:20', 0),
	(42, 12, 16, '2021-04-21', '2022-09-02', '2020-09-25 23:06:04', 0),
	(43, 29, 13, '2021-10-29', '2022-10-08', '2020-11-24 10:44:12', 0),
	(44, 43, 7, '2021-12-17', '2022-02-28', '2019-05-13 06:11:24', 0),
	(45, 2, 10, '2021-05-25', '2022-06-05', '2020-07-11 23:27:31', 0),
	(46, 33, 7, '2021-02-01', '2022-06-08', '2019-01-17 16:22:09', 0),
	(47, 4, 5, '2021-05-22', '2022-04-28', '2020-03-13 04:33:08', 0),
	(48, 28, 16, '2021-08-27', '2022-10-17', '2020-01-18 20:48:13', 0),
	(49, 78, 13, '2021-06-24', '2022-08-02', '2019-11-30 04:47:24', 0),
	(50, 3, 4, '2021-03-25', '2022-03-06', '2020-03-28 03:30:08', 0),
	(51, 15, 13, '2021-05-23', '2022-10-01', '2019-12-05 12:06:46', 0),
	(52, 72, 16, '2021-04-29', '2022-07-03', '2019-10-06 16:18:46', 0),
	(53, 3, 15, '2021-12-22', '2022-03-12', '2019-03-21 01:50:52', 0),
	(54, 24, 9, '2021-12-01', '2022-12-27', '2020-04-26 23:37:38', 0),
	(55, 55, 8, '2021-01-01', '2022-11-27', '2019-08-22 17:43:48', 0),
	(56, 68, 10, '2021-02-26', '2022-05-06', '2019-02-22 10:16:59', 0),
	(57, 41, 4, '2021-01-16', '2022-07-14', '2019-09-07 01:59:47', 0),
	(58, 12, 5, '2021-06-06', '2022-03-02', '2019-04-20 12:09:26', 0),
	(59, 117, 6, '2021-06-21', '2022-11-07', '2019-07-26 04:38:38', 0),
	(60, 105, 18, '2021-02-24', '2022-08-22', '2020-02-08 10:31:36', 0),
	(61, 71, 1, '2021-11-17', '2022-02-24', '2019-11-26 09:02:44', 0),
	(62, 124, 6, '2021-11-28', '2022-12-10', '2020-03-17 16:20:06', 0),
	(63, 91, 12, '2021-05-20', '2022-02-17', '2020-12-25 12:38:15', 0),
	(64, 87, 10, '2021-12-10', '2022-09-02', '2020-11-29 07:23:25', 0),
	(65, 49, 17, '2021-11-16', '2022-08-19', '2019-05-21 05:56:10', 0),
	(66, 53, 16, '2021-12-13', '2022-05-20', '2019-11-09 22:17:29', 0),
	(67, 76, 5, '2021-03-02', '2022-07-13', '2019-08-30 02:24:36', 0),
	(68, 48, 3, '2021-12-17', '2022-08-15', '2019-01-26 09:59:23', 0),
	(69, 71, 16, '2021-02-23', '2022-05-11', '2020-12-28 03:02:18', 0),
	(70, 39, 15, '2021-06-02', '2022-08-20', '2020-06-08 21:21:36', 0),
	(71, 20, 10, '2021-02-18', '2022-08-28', '2020-08-14 06:45:04', 0),
	(72, 34, 11, '2021-02-05', '2022-08-04', '2019-04-14 03:50:02', 0),
	(73, 59, 14, '2021-06-09', '2022-04-14', '2019-07-12 03:50:05', 0),
	(74, 114, 7, '2021-12-16', '2022-09-06', '2020-07-14 15:38:08', 0),
	(75, 66, 19, '2021-02-22', '2022-02-08', '2019-04-23 23:36:02', 0),
	(76, 25, 18, '2021-04-08', '2022-12-06', '2019-09-10 11:03:52', 0),
	(77, 22, 3, '2021-09-29', '2022-10-23', '2019-05-21 10:20:49', 0),
	(78, 83, 14, '2021-07-12', '2022-10-22', '2020-05-11 19:52:34', 0),
	(79, 103, 10, '2021-09-18', '2022-11-24', '2020-12-03 20:36:35', 0),
	(80, 123, 14, '2021-11-12', '2022-10-29', '2020-11-09 22:36:03', 0),
	(81, 35, 6, '2021-09-23', '2022-02-04', '2020-07-02 03:00:02', 0),
	(82, 14, 5, '2021-12-02', '2022-03-08', '2019-12-15 02:32:51', 0),
	(83, 107, 19, '2021-10-13', '2022-09-03', '2020-04-03 13:39:32', 0),
	(84, 75, 14, '2021-12-07', '2022-05-05', '2020-06-17 03:50:03', 0),
	(85, 95, 1, '2021-07-17', '2022-10-29', '2020-01-06 08:42:39', 0),
	(86, 123, 15, '2021-04-21', '2022-06-02', '2020-07-09 00:23:51', 0),
	(87, 94, 4, '2021-02-11', '2022-06-07', '2019-06-19 09:41:24', 0),
	(88, 106, 13, '2021-01-14', '2022-09-13', '2020-06-15 18:20:15', 0),
	(89, 56, 19, '2021-12-04', '2022-12-18', '2020-04-24 23:55:36', 0),
	(90, 53, 12, '2021-11-15', '2022-01-30', '2020-09-29 22:50:13', 0),
	(91, 81, 9, '2021-05-08', '2022-02-13', '2019-03-03 16:27:50', 0),
	(92, 83, 17, '2021-03-07', '2022-03-25', '2020-08-08 06:32:36', 0),
	(93, 60, 8, '2021-10-04', '2022-07-10', '2019-10-28 16:20:26', 0),
	(94, 128, 4, '2021-02-01', '2022-03-19', '2020-07-26 00:38:20', 0),
	(95, 4, 8, '2021-03-29', '2022-02-19', '2019-03-28 04:32:31', 0),
	(96, 33, 17, '2021-12-27', '2022-11-24', '2020-02-12 08:03:39', 0),
	(97, 94, 13, '2021-07-09', '2022-02-28', '2020-09-14 22:01:50', 0),
	(98, 19, 3, '2021-11-05', '2022-01-08', '2020-01-02 22:57:39', 0),
	(99, 83, 12, '2021-08-22', '2022-07-28', '2019-01-16 19:14:58', 0),
	(100, 34, 16, '2021-04-15', '2022-08-24', '2020-08-14 11:23:54', 0),
	(101, 33, 17, '2021-08-26', '2022-10-04', '2020-10-17 22:59:56', 0),
	(102, 24, 17, '2021-02-24', '2022-10-21', '2020-08-07 13:15:25', 0),
	(103, 125, 9, '2021-03-29', '2022-06-18', '2019-01-03 04:13:18', 2),
	(104, 52, 5, '2021-01-04', '2022-09-25', '2019-02-12 10:10:45', 0),
	(105, 55, 1, '2021-01-04', '2022-03-11', '2020-10-28 06:45:56', 0),
	(106, 119, 12, '2021-06-18', '2022-06-07', '2020-01-18 15:37:29', 0),
	(107, 68, 11, '2021-03-09', '2022-05-16', '2019-10-13 11:37:14', 0),
	(108, 115, 19, '2021-03-05', '2022-07-25', '2020-12-28 21:33:34', 0),
	(109, 112, 10, '2021-06-27', '2022-10-17', '2019-06-18 18:58:12', 0),
	(110, 50, 3, '2021-11-14', '2022-01-22', '2020-06-07 00:53:08', 0),
	(111, 13, 17, '2021-12-05', '2022-04-08', '2020-04-03 16:29:16', 0),
	(112, 82, 15, '2021-11-20', '2022-08-11', '2019-08-22 20:29:57', 0),
	(113, 56, 6, '2021-04-16', '2022-08-26', '2019-07-01 11:19:55', 0),
	(114, 24, 2, '2021-06-16', '2022-12-14', '2020-05-09 08:52:01', 0),
	(115, 29, 1, '2021-06-06', '2022-12-03', '2019-10-13 20:23:59', 0),
	(116, 123, 19, '2021-10-26', '2022-06-06', '2020-10-04 12:10:12', 0),
	(117, 106, 6, '2021-03-18', '2022-07-07', '2019-04-22 14:40:20', 0),
	(118, 114, 3, '2021-04-06', '2022-04-08', '2020-01-19 05:49:06', 0),
	(119, 57, 18, '2021-02-09', '2022-10-02', '2019-04-02 11:50:33', 0),
	(120, 88, 14, '2021-10-17', '2022-11-20', '2019-08-07 12:54:16', 0),
	(121, 117, 12, '2021-01-13', '2022-01-01', '2020-12-12 01:44:33', 0),
	(122, 113, 10, '2021-03-14', '2022-10-08', '2020-02-28 01:24:39', 0),
	(123, 107, 14, '2021-12-10', '2022-07-04', '2020-04-14 12:19:33', 0),
	(124, 38, 14, '2021-11-17', '2022-01-28', '2019-01-05 18:27:10', 2),
	(125, 110, 17, '2021-09-05', '2022-08-12', '2019-05-25 00:15:31', 0),
	(126, 13, 14, '2021-03-20', '2022-11-13', '2020-08-27 12:02:11', 0),
	(127, 28, 2, '2021-05-08', '2022-10-08', '2020-01-23 21:43:45', 0),
	(128, 93, 4, '2021-07-06', '2022-10-02', '2020-01-26 12:07:15', 0),
	(129, 25, 18, '2021-05-17', '2022-07-29', '2019-11-22 17:02:23', 0),
	(130, 91, 5, '2021-04-02', '2022-10-12', '2019-03-16 06:32:12', 0),
	(131, 82, 12, '2021-09-02', '2022-10-30', '2020-02-16 10:51:33', 0),
	(132, 57, 11, '2021-07-09', '2022-05-08', '2019-11-10 01:33:46', 0),
	(133, 70, 16, '2021-11-21', '2022-07-05', '2019-02-12 05:08:25', 0),
	(134, 59, 1, '2021-09-12', '2022-05-27', '2019-01-17 09:01:56', 0),
	(135, 28, 16, '2021-04-24', '2022-11-02', '2020-08-24 00:29:08', 0),
	(136, 32, 11, '2021-06-23', '2022-01-25', '2020-07-10 05:40:01', 0),
	(137, 90, 6, '2021-05-31', '2022-10-26', '2020-06-07 08:34:52', 0),
	(138, 126, 15, '2021-06-02', '2022-05-02', '2020-07-29 13:22:02', 0),
	(139, 80, 4, '2021-03-08', '2022-06-16', '2019-04-07 09:15:04', 0),
	(140, 59, 14, '2021-12-18', '2022-10-22', '2020-05-10 21:27:11', 0),
	(141, 18, 16, '2021-07-21', '2022-03-25', '2020-10-11 14:18:21', 0),
	(142, 58, 7, '2021-05-23', '2022-08-01', '2020-10-04 00:20:21', 0),
	(143, 33, 11, '2021-06-26', '2022-03-28', '2019-02-14 16:57:08', 0),
	(144, 122, 11, '2021-04-14', '2022-07-17', '2019-12-31 09:52:59', 0),
	(145, 46, 7, '2021-03-26', '2022-01-09', '2019-11-03 06:12:00', 0),
	(146, 98, 18, '2021-08-11', '2022-05-18', '2019-03-07 04:12:11', 0),
	(147, 120, 8, '2021-07-26', '2022-11-15', '2020-03-10 10:40:13', 0),
	(148, 116, 19, '2021-08-06', '2022-12-17', '2020-09-23 07:13:57', 0),
	(149, 32, 13, '2021-01-21', '2022-11-02', '2019-03-21 21:21:24', 0),
	(150, 33, 2, '2021-09-17', '2022-04-06', '2019-10-01 06:34:44', 0),
	(151, 4, 10, '2021-08-11', '2022-12-11', '2020-06-01 10:30:27', 0),
	(152, 31, 19, '2021-01-19', '2022-07-17', '2019-01-22 03:32:53', 0),
	(153, 101, 4, '2021-07-09', '2022-09-27', '2019-05-08 01:33:41', 0),
	(154, 4, 11, '2021-05-15', '2022-01-22', '2020-07-03 20:49:54', 0),
	(155, 16, 15, '2021-03-19', '2022-09-19', '2020-03-26 09:27:13', 0),
	(156, 120, 2, '2021-06-05', '2022-03-06', '2019-05-22 11:46:08', 0),
	(157, 65, 9, '2021-09-05', '2022-07-31', '2020-03-26 00:16:04', 0),
	(158, 124, 1, '2021-09-06', '2022-08-21', '2019-03-18 14:42:14', 0),
	(159, 10, 16, '2021-05-12', '2022-02-14', '2019-01-22 19:14:47', 0),
	(160, 127, 19, '2021-07-29', '2022-11-27', '2019-11-30 10:58:28', 0),
	(161, 114, 19, '2021-03-14', '2022-08-31', '2020-11-18 20:15:38', 0),
	(162, 25, 18, '2021-02-18', '2022-07-27', '2020-08-25 14:36:19', 0),
	(163, 23, 19, '2021-07-23', '2022-12-02', '2019-01-29 07:04:19', 0),
	(164, 6, 16, '2021-07-20', '2022-10-17', '2019-05-05 08:53:23', 0),
	(165, 70, 7, '2021-04-08', '2022-10-27', '2019-04-12 07:12:29', 0),
	(166, 78, 16, '2021-10-31', '2022-02-25', '2019-07-28 20:39:14', 0),
	(167, 23, 1, '2021-04-29', '2022-02-12', '2020-02-05 08:37:56', 0),
	(168, 22, 19, '2021-12-09', '2022-02-03', '2019-08-10 23:28:34', 0),
	(169, 109, 13, '2021-06-12', '2022-05-27', '2020-10-09 10:30:27', 0),
	(170, 45, 19, '2021-09-07', '2022-11-13', '2020-12-20 01:53:50', 0),
	(171, 66, 14, '2021-08-21', '2022-11-20', '2020-07-11 00:11:00', 0),
	(172, 63, 9, '2021-02-24', '2022-04-18', '2020-04-27 06:35:22', 0),
	(173, 101, 16, '2021-03-13', '2022-08-11', '2020-06-05 21:24:29', 0),
	(174, 20, 10, '2021-10-09', '2022-09-12', '2020-02-15 16:10:27', 0),
	(175, 115, 7, '2021-04-02', '2022-11-09', '2019-01-12 16:44:20', 0),
	(176, 50, 3, '2021-09-09', '2022-04-16', '2020-12-30 20:28:57', 0),
	(177, 58, 10, '2021-04-14', '2022-09-20', '2020-12-28 19:16:15', 0),
	(178, 72, 1, '2021-11-17', '2022-03-21', '2019-10-06 09:45:45', 0),
	(179, 114, 2, '2021-01-23', '2022-10-26', '2019-01-22 08:01:33', 0),
	(180, 69, 5, '2021-04-17', '2022-10-16', '2020-09-22 22:09:02', 0),
	(181, 26, 1, '2021-09-03', '2022-01-13', '2020-11-10 21:38:13', 0),
	(182, 30, 19, '2021-02-03', '2022-09-22', '2020-04-05 03:53:52', 0),
	(183, 106, 14, '2021-03-11', '2022-06-20', '2020-09-01 15:48:31', 0),
	(184, 107, 2, '2021-05-30', '2022-07-29', '2020-05-05 10:34:51', 0),
	(185, 33, 12, '2021-05-01', '2022-09-12', '2020-09-16 14:32:15', 0),
	(186, 20, 3, '2021-01-21', '2022-11-04', '2020-04-11 18:18:54', 0),
	(187, 85, 7, '2021-09-02', '2022-03-22', '2020-04-16 06:19:43', 0),
	(188, 121, 9, '2021-04-14', '2022-01-25', '2020-06-21 06:18:57', 0),
	(189, 89, 9, '2021-03-02', '2022-06-27', '2020-12-08 19:06:40', 0),
	(190, 10, 18, '2021-03-20', '2022-06-11', '2020-10-28 23:31:59', 0),
	(191, 48, 16, '2021-09-18', '2022-12-23', '2019-07-01 18:43:15', 0),
	(192, 44, 4, '2021-12-27', '2022-10-25', '2019-01-21 21:00:04', 0),
	(193, 111, 10, '2021-06-25', '2022-12-24', '2019-02-13 09:11:37', 0),
	(194, 29, 5, '2021-12-12', '2022-10-16', '2020-01-09 17:41:16', 0),
	(195, 113, 10, '2021-09-13', '2022-10-06', '2019-04-05 20:44:02', 0),
	(196, 113, 5, '2021-09-17', '2022-01-07', '2020-04-27 03:16:33', 0),
	(197, 33, 19, '2021-11-05', '2022-03-03', '2019-05-08 22:41:48', 0),
	(198, 114, 10, '2021-08-28', '2022-01-14', '2020-05-17 06:06:03', 0),
	(199, 69, 17, '2021-02-04', '2022-02-28', '2020-06-02 14:05:05', 0),
	(200, 122, 5, '2021-04-08', '2022-09-25', '2019-05-23 20:02:53', 0),
	(201, 57, 15, '2021-05-25', '2022-10-01', '2019-05-10 02:19:19', 0),
	(202, 73, 11, '2021-02-27', '2022-11-03', '2020-05-14 03:41:26', 0),
	(203, 129, 12, '2021-02-15', '2022-07-24', '2019-07-06 06:35:25', 0),
	(204, 58, 11, '2021-08-03', '2022-02-15', '2020-02-20 14:56:38', 0),
	(205, 52, 18, '2021-08-24', '2022-06-02', '2020-08-13 14:50:21', 0),
	(206, 42, 13, '2021-03-22', '2022-04-23', '2020-12-15 03:54:41', 0),
	(207, 51, 4, '2021-12-13', '2022-07-05', '2020-12-17 08:43:35', 0),
	(208, 29, 2, '2021-02-28', '2022-09-20', '2020-03-14 04:00:18', 0),
	(209, 15, 15, '2021-10-20', '2022-11-11', '2020-11-14 11:37:10', 0),
	(210, 82, 13, '2021-01-24', '2022-11-18', '2020-06-14 06:24:45', 0),
	(211, 129, 3, '2021-05-04', '2022-01-31', '2019-04-02 04:20:06', 0),
	(212, 89, 14, '2021-03-11', '2022-05-09', '2019-07-12 06:45:04', 0),
	(213, 91, 10, '2021-03-10', '2022-03-13', '2019-08-28 21:57:05', 0),
	(214, 37, 18, '2021-10-01', '2022-05-31', '2019-07-17 07:15:04', 0),
	(215, 19, 11, '2021-11-07', '2022-06-22', '2019-11-07 01:01:33', 0),
	(216, 104, 18, '2021-02-07', '2022-03-08', '2019-03-13 03:01:26', 0),
	(217, 80, 12, '2021-09-14', '2022-05-28', '2019-07-01 10:27:42', 0),
	(218, 111, 9, '2021-02-17', '2022-08-18', '2019-11-01 21:04:18', 0),
	(219, 44, 5, '2021-02-28', '2022-03-09', '2020-10-04 03:45:31', 0),
	(220, 75, 15, '2021-07-18', '2022-10-31', '2020-09-04 22:57:24', 0),
	(221, 74, 9, '2021-12-05', '2022-06-08', '2020-04-14 08:18:56', 0),
	(222, 31, 2, '2021-11-26', '2022-09-21', '2019-02-22 04:51:50', 0),
	(223, 68, 13, '2021-07-16', '2022-06-19', '2019-08-22 22:44:18', 0),
	(224, 108, 19, '2021-08-02', '2022-09-21', '2020-02-08 15:15:35', 0),
	(225, 74, 8, '2021-09-05', '2022-08-24', '2020-03-09 22:00:08', 0),
	(226, 73, 4, '2021-04-30', '2022-12-10', '2020-11-06 02:04:17', 0),
	(227, 118, 3, '2021-02-05', '2022-08-03', '2019-06-22 09:03:00', 0),
	(228, 61, 11, '2021-09-17', '2022-01-10', '2019-05-18 20:05:56', 0),
	(229, 30, 19, '2021-08-03', '2022-02-21', '2020-12-17 00:53:18', 0),
	(230, 116, 14, '2021-02-04', '2022-10-16', '2020-07-25 21:16:56', 0),
	(231, 68, 7, '2021-05-05', '2022-10-17', '2019-04-14 15:28:12', 0),
	(232, 67, 1, '2021-08-30', '2022-01-02', '2019-10-13 06:31:52', 0),
	(233, 13, 14, '2021-08-01', '2022-12-06', '2020-01-06 16:37:55', 0),
	(234, 72, 9, '2021-11-17', '2022-05-10', '2019-05-12 09:51:06', 0),
	(235, 109, 16, '2021-06-29', '2022-11-23', '2019-09-25 14:59:35', 0),
	(236, 113, 2, '2021-07-06', '2022-10-16', '2020-06-21 22:20:32', 0),
	(237, 48, 8, '2021-07-19', '2022-02-13', '2020-12-15 22:41:07', 0),
	(238, 12, 4, '2021-09-07', '2022-10-07', '2020-07-08 00:10:55', 0),
	(239, 100, 3, '2021-01-03', '2022-11-01', '2019-05-09 16:45:53', 0),
	(240, 119, 13, '2021-07-30', '2022-12-30', '2020-09-15 14:32:37', 0),
	(241, 19, 6, '2021-06-19', '2022-02-04', '2019-11-19 01:58:08', 0),
	(242, 30, 7, '2021-08-21', '2022-05-30', '2019-10-11 02:54:24', 0),
	(243, 120, 17, '2021-04-08', '2022-08-31', '2020-02-22 22:36:03', 0),
	(244, 109, 13, '2021-06-16', '2022-12-28', '2019-12-11 06:40:14', 0),
	(245, 77, 13, '2021-05-11', '2022-10-29', '2019-05-04 15:14:43', 0),
	(246, 22, 11, '2021-02-22', '2022-10-24', '2020-09-02 10:19:02', 0),
	(247, 109, 17, '2021-01-17', '2022-12-16', '2019-12-03 23:56:31', 0),
	(248, 52, 10, '2021-11-12', '2022-08-18', '2019-03-19 23:51:13', 0),
	(249, 13, 14, '2021-11-01', '2022-11-22', '2019-12-31 20:18:19', 0),
	(250, 59, 10, '2021-07-07', '2022-09-09', '2019-02-15 03:37:08', 0),
	(251, 53, 6, '2021-05-18', '2022-02-28', '2019-03-11 15:15:42', 0),
	(252, 66, 4, '2021-07-03', '2022-06-13', '2019-06-17 23:45:43', 0),
	(253, 49, 12, '2021-10-31', '2022-09-15', '2020-10-11 17:18:50', 0),
	(254, 66, 13, '2021-06-11', '2022-09-08', '2020-11-22 10:49:09', 0),
	(255, 92, 9, '2021-04-20', '2022-04-21', '2020-08-02 14:28:32', 0),
	(256, 23, 17, '2021-04-08', '2022-06-27', '2020-10-31 16:21:20', 0),
	(257, 38, 15, '2021-08-18', '2022-02-14', '2019-10-28 14:57:41', 0),
	(258, 9, 8, '2021-04-25', '2022-01-27', '2020-08-19 03:52:48', 0),
	(259, 72, 4, '2021-11-06', '2022-12-17', '2019-03-08 00:40:22', 0),
	(260, 115, 7, '2021-08-06', '2022-04-21', '2020-05-01 14:26:44', 0),
	(261, 53, 2, '2021-02-20', '2022-11-30', '2020-09-08 07:30:55', 0),
	(262, 118, 5, '2021-06-25', '2022-10-18', '2019-05-05 15:37:15', 0),
	(263, 44, 12, '2021-02-17', '2022-06-30', '2019-03-15 03:54:59', 0),
	(264, 91, 14, '2021-12-28', '2022-04-29', '2019-07-18 09:51:20', 0),
	(265, 6, 18, '2021-06-02', '2022-03-06', '2020-06-09 13:56:01', 0),
	(266, 5, 11, '2021-12-04', '2022-05-15', '2019-10-05 16:29:03', 0),
	(267, 76, 19, '2021-07-12', '2022-11-06', '2019-03-13 14:33:10', 0),
	(268, 109, 16, '2021-06-23', '2022-11-24', '2019-07-24 13:47:09', 0),
	(269, 23, 1, '2021-11-25', '2022-02-14', '2020-11-25 22:47:41', 0),
	(270, 20, 4, '2021-12-05', '2022-10-02', '2020-08-01 22:08:24', 0),
	(271, 79, 3, '2021-08-12', '2022-07-12', '2020-11-04 15:34:22', 0),
	(272, 108, 1, '2021-07-15', '2022-06-18', '2020-05-16 13:49:41', 0),
	(273, 18, 8, '2021-10-18', '2022-08-16', '2020-08-16 14:08:58', 0),
	(274, 29, 6, '2021-08-25', '2022-08-21', '2019-03-03 14:24:06', 0),
	(275, 86, 7, '2021-07-22', '2022-03-22', '2019-01-09 23:21:24', 0),
	(276, 73, 13, '2021-04-28', '2022-01-19', '2020-11-22 03:30:05', 0),
	(277, 78, 17, '2021-04-05', '2022-11-02', '2020-11-24 05:59:40', 0),
	(278, 19, 18, '2021-06-03', '2022-01-27', '2019-05-16 16:58:56', 0),
	(279, 20, 2, '2021-03-24', '2022-04-27', '2019-07-09 08:23:52', 0),
	(280, 53, 10, '2021-11-18', '2022-01-02', '2020-12-11 05:40:57', 0),
	(281, 96, 17, '2021-07-09', '2022-06-26', '2019-12-06 05:35:47', 0),
	(282, 83, 13, '2021-04-20', '2022-12-04', '2020-01-13 19:26:31', 0),
	(283, 123, 3, '2021-11-07', '2022-09-20', '2019-02-12 22:55:28', 0),
	(284, 121, 8, '2021-07-23', '2022-09-03', '2019-02-16 01:20:26', 0),
	(285, 100, 5, '2021-12-02', '2022-06-09', '2020-10-01 08:54:16', 0),
	(286, 50, 17, '2021-10-04', '2022-12-23', '2020-12-10 07:08:05', 0),
	(287, 105, 4, '2021-03-24', '2022-03-16', '2020-10-25 08:24:03', 0),
	(288, 3, 3, '2021-02-11', '2022-11-24', '2019-12-03 08:25:45', 0),
	(289, 47, 5, '2021-09-27', '2022-10-17', '2019-04-15 14:48:22', 0),
	(290, 114, 10, '2021-03-02', '2022-02-26', '2020-03-16 20:15:30', 0),
	(291, 7, 6, '2021-01-18', '2022-10-12', '2019-07-27 00:16:01', 0),
	(292, 90, 9, '2021-06-13', '2022-11-18', '2020-08-13 11:33:35', 0),
	(293, 38, 15, '2021-08-22', '2022-11-19', '2020-01-14 12:42:11', 0),
	(294, 118, 14, '2021-08-29', '2022-06-09', '2020-12-22 18:29:52', 0),
	(295, 56, 12, '2021-02-21', '2022-06-07', '2019-07-13 17:26:21', 0),
	(296, 17, 12, '2021-04-07', '2022-02-15', '2019-08-15 16:13:15', 0),
	(297, 114, 15, '2021-08-28', '2022-08-20', '2019-10-05 16:54:08', 0),
	(298, 64, 8, '2021-08-15', '2022-04-02', '2019-11-20 23:40:43', 0),
	(299, 16, 5, '2021-10-22', '2022-04-11', '2019-07-03 08:19:35', 0),
	(300, 125, 14, '2021-03-15', '2022-10-24', '2019-04-28 15:48:51', 0),
	(301, 100, 15, '2021-10-16', '2022-10-11', '2019-07-13 20:34:46', 0),
	(302, 3, 10, '2021-05-25', '2022-01-15', '2019-05-27 21:58:47', 0),
	(303, 56, 4, '2021-06-12', '2022-11-21', '2019-02-19 11:25:18', 0),
	(304, 54, 12, '2021-03-28', '2022-11-27', '2019-09-28 13:07:21', 0),
	(305, 51, 7, '2021-08-06', '2022-12-10', '2020-05-21 06:08:36', 0),
	(306, 25, 7, '2021-07-28', '2022-02-08', '2019-12-26 05:48:56', 0),
	(307, 31, 11, '2021-12-14', '2022-07-20', '2019-06-05 22:10:01', 0),
	(308, 31, 16, '2021-03-23', '2022-04-12', '2019-02-17 19:07:22', 0),
	(309, 6, 3, '2021-04-27', '2022-08-14', '2020-12-07 15:47:11', 0),
	(310, 79, 9, '2021-02-13', '2022-04-15', '2020-08-04 17:04:51', 0),
	(311, 72, 9, '2021-09-11', '2022-12-12', '2020-08-22 12:35:18', 0),
	(312, 61, 10, '2021-05-30', '2022-05-19', '2020-01-23 23:44:53', 0),
	(313, 70, 1, '2021-08-18', '2022-03-12', '2020-07-19 18:19:17', 0),
	(314, 53, 6, '2021-08-16', '2022-05-22', '2020-10-06 05:17:56', 0),
	(315, 24, 19, '2021-12-27', '2022-06-18', '2020-08-20 07:20:04', 0),
	(316, 96, 13, '2021-03-21', '2022-07-30', '2019-10-02 14:00:34', 0),
	(317, 86, 12, '2021-11-01', '2022-08-10', '2020-08-22 17:37:38', 0),
	(318, 117, 15, '2021-04-18', '2022-11-03', '2020-04-22 23:09:14', 0),
	(319, 51, 14, '2021-08-15', '2022-11-10', '2020-02-27 14:31:12', 0),
	(320, 125, 18, '2021-05-13', '2022-03-17', '2020-08-03 14:03:06', 0),
	(321, 93, 14, '2021-05-02', '2022-09-07', '2020-03-31 23:47:52', 0),
	(322, 10, 7, '2021-10-31', '2022-08-02', '2020-12-26 15:22:51', 0),
	(323, 92, 3, '2021-10-20', '2022-02-09', '2020-09-11 10:14:46', 0),
	(324, 72, 16, '2021-04-29', '2022-09-28', '2020-04-20 04:11:48', 0),
	(325, 54, 16, '2021-10-05', '2022-01-18', '2019-10-10 17:40:00', 0),
	(326, 67, 11, '2021-02-19', '2022-06-21', '2020-03-25 11:13:35', 0),
	(327, 51, 4, '2021-03-27', '2022-11-23', '2020-06-20 06:39:38', 0),
	(328, 27, 12, '2021-09-27', '2022-11-27', '2019-08-05 00:43:08', 0),
	(329, 98, 16, '2021-04-09', '2022-07-20', '2019-02-03 20:45:48', 0),
	(330, 94, 3, '2021-08-24', '2022-10-05', '2020-09-05 23:24:38', 0),
	(331, 39, 17, '2021-04-15', '2022-11-27', '2019-01-11 04:27:03', 0),
	(332, 91, 16, '2021-04-19', '2022-02-16', '2019-11-01 20:39:16', 0),
	(333, 63, 19, '2021-06-11', '2022-01-12', '2019-10-23 02:55:58', 0),
	(334, 106, 12, '2021-08-30', '2022-06-01', '2020-04-19 03:23:21', 0),
	(335, 39, 16, '2021-09-26', '2022-05-13', '2019-07-08 17:38:25', 0),
	(336, 92, 6, '2021-06-03', '2022-08-27', '2020-03-19 18:02:06', 0),
	(337, 16, 10, '2021-01-09', '2022-10-09', '2019-02-08 22:01:53', 0),
	(338, 5, 8, '2021-03-03', '2022-04-02', '2020-05-30 17:13:36', 0),
	(339, 2, 12, '2021-02-22', '2022-10-16', '2019-08-16 22:10:27', 0),
	(340, 90, 5, '2021-02-16', '2022-01-31', '2020-02-13 14:50:13', 0),
	(341, 71, 18, '2021-04-05', '2022-05-22', '2019-01-24 02:06:02', 0),
	(342, 15, 10, '2021-08-10', '2022-03-10', '2019-11-20 07:05:05', 0),
	(343, 77, 10, '2021-11-09', '2022-07-14', '2019-05-26 19:50:42', 0),
	(344, 54, 1, '2021-04-30', '2022-11-30', '2020-09-09 03:25:02', 0),
	(345, 61, 5, '2021-03-15', '2022-01-15', '2020-01-02 12:26:49', 0),
	(346, 50, 15, '2021-10-08', '2022-08-05', '2019-01-25 11:29:02', 0),
	(347, 52, 19, '2021-10-26', '2022-07-18', '2019-04-14 11:59:19', 0),
	(348, 6, 4, '2021-05-31', '2022-01-07', '2019-11-19 04:35:21', 0),
	(349, 123, 17, '2021-06-02', '2022-11-07', '2019-07-08 00:32:21', 0),
	(350, 39, 16, '2021-01-08', '2022-01-15', '2020-02-10 02:08:49', 0),
	(351, 79, 18, '2021-04-22', '2022-01-11', '2019-10-07 15:05:21', 0),
	(352, 67, 10, '2021-01-20', '2022-12-11', '2019-12-17 15:18:07', 0),
	(353, 84, 6, '2021-02-12', '2022-09-16', '2020-06-25 19:22:57', 0),
	(354, 80, 5, '2021-02-21', '2022-02-16', '2019-03-11 21:14:38', 0),
	(355, 86, 19, '2021-10-22', '2022-02-10', '2019-01-05 20:37:07', 0),
	(356, 98, 7, '2021-10-31', '2022-05-10', '2019-09-01 23:10:26', 0),
	(357, 83, 15, '2021-10-04', '2022-05-08', '2019-01-24 09:56:48', 0),
	(358, 87, 15, '2021-11-21', '2022-07-01', '2020-01-09 08:40:09', 0),
	(359, 18, 16, '2021-07-15', '2022-11-07', '2020-09-20 02:30:39', 0),
	(360, 103, 17, '2021-11-02', '2022-08-23', '2019-07-04 16:33:51', 0),
	(361, 84, 5, '2021-05-25', '2022-02-13', '2020-10-18 02:42:03', 0),
	(362, 68, 2, '2021-05-26', '2022-01-30', '2019-01-17 01:03:38', 0),
	(363, 36, 7, '2021-08-23', '2022-02-28', '2020-02-23 01:32:20', 0),
	(364, 121, 4, '2021-04-24', '2022-11-20', '2019-04-11 16:55:47', 0),
	(365, 98, 16, '2021-07-10', '2022-11-14', '2019-04-19 02:57:05', 0),
	(366, 109, 3, '2021-06-14', '2022-07-27', '2020-05-30 07:35:58', 0),
	(367, 16, 8, '2021-05-14', '2022-12-09', '2020-02-11 07:16:53', 0),
	(368, 12, 16, '2021-12-23', '2022-08-07', '2019-04-22 13:01:16', 0),
	(369, 103, 3, '2021-05-16', '2022-02-11', '2020-03-16 18:47:31', 0),
	(370, 109, 15, '2021-03-24', '2022-07-02', '2019-10-25 08:12:01', 0),
	(371, 49, 14, '2021-10-02', '2022-02-27', '2019-03-23 18:23:31', 0),
	(372, 85, 4, '2021-05-26', '2022-10-29', '2019-07-08 21:54:47', 0),
	(373, 53, 9, '2021-08-10', '2022-09-08', '2019-11-17 16:02:26', 0),
	(374, 91, 10, '2021-02-12', '2022-11-03', '2020-07-21 20:33:38', 0),
	(375, 106, 2, '2021-02-09', '2022-02-05', '2019-10-12 08:26:13', 0),
	(376, 63, 2, '2021-09-17', '2022-12-13', '2019-04-07 06:29:29', 0),
	(377, 11, 3, '2021-08-14', '2022-05-17', '2020-07-20 07:01:05', 0),
	(378, 107, 18, '2021-12-29', '2022-08-19', '2020-04-15 15:59:34', 0),
	(379, 85, 12, '2021-12-26', '2022-03-20', '2020-11-30 04:11:18', 0),
	(380, 32, 8, '2021-11-25', '2022-10-19', '2019-06-20 04:12:37', 0),
	(381, 87, 9, '2021-11-27', '2022-01-19', '2019-04-01 16:15:15', 0),
	(382, 55, 8, '2021-12-23', '2022-05-13', '2020-07-31 11:28:13', 0),
	(383, 26, 15, '2021-12-02', '2022-05-30', '2020-09-15 09:18:47', 0),
	(384, 118, 4, '2021-10-19', '2022-05-20', '2020-04-03 20:04:32', 0),
	(385, 62, 11, '2021-06-24', '2022-07-08', '2020-09-28 02:07:27', 0),
	(386, 47, 16, '2021-07-07', '2022-10-04', '2020-11-17 07:33:31', 0),
	(387, 74, 12, '2021-07-31', '2022-09-15', '2019-03-18 19:44:28', 0),
	(388, 30, 15, '2021-09-22', '2022-01-14', '2019-05-12 14:47:22', 0),
	(389, 16, 8, '2021-03-21', '2022-11-18', '2019-02-13 04:23:44', 0),
	(390, 76, 2, '2021-02-22', '2022-10-23', '2020-03-17 06:35:19', 0),
	(391, 68, 8, '2021-02-17', '2022-07-01', '2020-05-08 20:00:42', 0),
	(392, 4, 8, '2021-06-30', '2022-03-28', '2020-06-24 12:18:55', 0),
	(393, 88, 13, '2021-01-09', '2022-02-18', '2020-02-15 18:38:11', 0),
	(394, 11, 18, '2021-06-04', '2022-09-09', '2019-09-10 07:41:58', 0),
	(395, 109, 17, '2021-01-18', '2022-02-06', '2019-03-22 00:35:27', 0),
	(396, 30, 6, '2021-01-31', '2022-05-29', '2019-07-06 00:22:28', 0),
	(397, 82, 2, '2021-01-30', '2022-03-08', '2019-11-10 00:25:57', 0),
	(398, 38, 12, '2021-09-06', '2022-12-08', '2019-09-25 03:50:52', 0),
	(399, 92, 1, '2021-12-22', '2022-07-10', '2019-05-03 17:11:46', 0),
	(400, 126, 2, '2021-04-25', '2022-07-25', '2019-11-12 04:46:16', 0),
	(401, 18, 15, '2021-10-16', '2022-06-03', '2019-02-24 07:57:07', 0),
	(402, 78, 1, '2021-09-22', '2022-04-18', '2020-07-02 02:53:58', 0),
	(403, 30, 14, '2021-01-09', '2022-02-15', '2020-08-26 23:56:31', 0),
	(404, 115, 12, '2021-08-03', '2022-08-20', '2019-07-01 17:16:03', 0),
	(405, 41, 5, '2021-12-26', '2022-02-06', '2019-03-07 06:42:33', 0),
	(406, 63, 3, '2021-03-25', '2022-11-29', '2019-06-18 13:23:52', 0),
	(407, 64, 8, '2021-11-16', '2022-10-08', '2019-01-27 22:43:24', 0),
	(408, 39, 10, '2021-09-19', '2022-07-04', '2019-04-21 18:25:25', 0),
	(409, 45, 10, '2021-09-05', '2022-10-21', '2020-09-29 23:44:35', 0),
	(410, 3, 7, '2021-02-24', '2022-12-13', '2019-01-26 23:51:50', 0),
	(411, 40, 13, '2021-02-02', '2022-12-30', '2019-04-26 22:16:27', 0),
	(412, 31, 18, '2021-04-29', '2022-05-12', '2020-06-16 05:27:48', 0),
	(413, 126, 12, '2021-11-06', '2022-09-13', '2019-12-23 08:01:27', 0),
	(414, 44, 10, '2021-06-27', '2022-10-01', '2019-07-07 18:00:45', 0),
	(415, 120, 12, '2021-10-21', '2022-04-08', '2020-02-17 07:45:56', 0),
	(416, 61, 10, '2021-01-21', '2022-07-25', '2019-03-15 04:17:14', 0),
	(417, 127, 1, '2021-05-26', '2022-01-13', '2019-03-06 03:25:33', 0),
	(418, 118, 13, '2021-12-24', '2022-01-01', '2020-11-18 18:25:03', 0),
	(419, 20, 11, '2021-09-12', '2022-10-20', '2019-06-23 01:18:04', 0),
	(420, 19, 6, '2021-04-23', '2022-05-30', '2020-10-04 21:28:58', 0),
	(421, 82, 9, '2021-12-14', '2022-02-06', '2020-02-23 05:37:19', 0),
	(422, 80, 17, '2021-03-30', '2022-12-19', '2020-07-20 12:58:04', 0),
	(423, 111, 6, '2021-10-20', '2022-06-08', '2019-09-03 11:14:09', 0),
	(424, 56, 7, '2021-10-08', '2022-11-24', '2020-06-22 12:14:25', 0),
	(425, 127, 10, '2021-03-19', '2022-04-28', '2019-08-30 11:23:13', 0),
	(426, 93, 16, '2021-08-02', '2022-05-12', '2019-08-26 13:04:06', 0),
	(427, 52, 4, '2021-03-28', '2022-01-29', '2019-12-27 06:52:10', 0),
	(428, 120, 6, '2021-12-04', '2022-11-23', '2019-09-06 08:48:40', 0),
	(429, 83, 6, '2021-09-03', '2022-09-24', '2019-11-23 18:44:05', 0),
	(430, 51, 7, '2021-12-15', '2022-11-13', '2020-06-04 07:11:55', 0),
	(431, 107, 2, '2021-02-25', '2022-10-11', '2020-02-05 15:43:51', 0),
	(432, 52, 16, '2021-08-11', '2022-10-18', '2020-06-03 04:12:03', 0),
	(433, 114, 18, '2021-06-02', '2022-01-02', '2020-10-03 14:51:31', 0),
	(434, 60, 3, '2021-01-18', '2022-01-28', '2020-12-24 00:38:45', 0),
	(435, 13, 1, '2021-03-17', '2022-01-16', '2019-04-03 10:29:59', 0),
	(436, 43, 11, '2021-02-04', '2022-03-17', '2019-08-16 03:57:49', 0),
	(437, 85, 13, '2021-01-25', '2022-08-08', '2020-05-15 17:16:27', 0),
	(438, 107, 6, '2021-01-12', '2022-08-24', '2019-09-11 18:46:29', 0),
	(439, 113, 12, '2021-09-27', '2022-07-08', '2020-03-22 14:19:12', 0),
	(440, 5, 12, '2021-10-04', '2022-10-07', '2020-03-13 20:07:45', 0),
	(441, 34, 15, '2021-09-19', '2022-06-08', '2019-04-18 08:03:11', 0),
	(442, 85, 18, '2021-09-19', '2022-08-13', '2020-12-23 09:58:59', 0),
	(443, 72, 2, '2021-09-28', '2022-12-12', '2020-08-12 21:27:37', 0),
	(444, 69, 13, '2021-03-01', '2022-04-23', '2019-07-14 21:37:47', 0),
	(445, 39, 16, '2021-03-30', '2022-02-05', '2020-12-07 14:29:56', 0),
	(446, 98, 7, '2021-01-27', '2022-02-10', '2019-06-23 19:52:41', 0),
	(447, 29, 13, '2021-07-08', '2022-07-11', '2020-06-02 06:05:35', 0),
	(448, 76, 15, '2021-04-27', '2022-02-15', '2020-11-18 15:09:33', 0),
	(449, 115, 3, '2021-05-06', '2022-11-15', '2020-07-01 05:24:05', 0),
	(450, 108, 5, '2021-04-26', '2022-12-17', '2019-05-30 08:47:30', 0),
	(451, 18, 13, '2021-03-04', '2022-01-04', '2020-05-12 05:36:07', 0),
	(452, 30, 8, '2021-05-03', '2022-05-02', '2020-03-26 00:44:50', 0),
	(453, 56, 5, '2021-08-04', '2022-09-30', '2020-03-27 06:57:15', 0),
	(454, 57, 8, '2021-07-07', '2022-09-07', '2019-05-15 01:39:55', 0),
	(455, 67, 6, '2021-10-01', '2022-01-04', '2020-01-11 18:42:46', 0),
	(456, 59, 8, '2021-07-03', '2022-07-14', '2019-02-09 04:37:07', 0),
	(457, 8, 6, '2021-08-19', '2022-06-08', '2020-11-11 14:55:02', 0),
	(458, 124, 18, '2021-12-25', '2022-09-26', '2019-03-01 16:47:42', 0),
	(459, 121, 2, '2021-06-21', '2022-04-06', '2019-07-29 13:04:16', 0),
	(460, 122, 8, '2021-05-08', '2022-12-07', '2019-11-26 23:24:58', 0),
	(461, 87, 4, '2021-04-26', '2022-11-21', '2019-03-03 23:45:46', 0),
	(462, 99, 16, '2021-05-26', '2022-03-17', '2019-10-20 13:31:35', 0),
	(463, 59, 4, '2021-12-18', '2022-12-13', '2020-11-19 05:36:35', 0),
	(464, 32, 18, '2021-12-16', '2022-01-26', '2020-06-11 05:53:46', 0),
	(465, 76, 13, '2021-10-17', '2022-02-03', '2019-07-16 16:21:28', 0),
	(466, 3, 17, '2021-12-11', '2022-06-09', '2020-03-17 14:42:31', 0),
	(467, 27, 14, '2021-01-02', '2022-07-30', '2019-11-14 18:37:43', 0),
	(468, 36, 14, '2021-07-22', '2022-08-16', '2020-06-21 05:29:50', 0),
	(469, 39, 17, '2021-07-15', '2022-06-23', '2020-01-24 23:11:33', 0),
	(470, 39, 4, '2021-11-28', '2022-04-14', '2020-10-09 00:54:56', 0),
	(471, 112, 17, '2021-08-31', '2022-07-19', '2019-08-18 00:03:48', 0),
	(472, 82, 16, '2021-11-10', '2022-12-09', '2019-09-01 08:53:49', 0),
	(473, 114, 13, '2021-10-07', '2022-06-06', '2020-10-03 21:34:31', 0),
	(474, 31, 6, '2021-07-04', '2022-01-27', '2019-04-01 03:58:09', 0),
	(475, 104, 13, '2021-03-09', '2022-10-01', '2019-04-19 18:22:44', 0),
	(476, 42, 11, '2021-04-04', '2022-10-25', '2019-01-08 12:22:55', 0),
	(477, 107, 4, '2021-08-13', '2022-02-27', '2020-10-01 08:01:41', 0),
	(478, 17, 13, '2021-11-19', '2022-10-22', '2019-02-04 10:35:58', 0),
	(479, 40, 19, '2021-07-23', '2022-05-19', '2019-07-04 23:19:17', 0),
	(480, 121, 4, '2021-12-23', '2022-03-11', '2019-04-21 05:27:04', 0),
	(481, 90, 9, '2021-01-23', '2022-10-21', '2019-01-26 08:57:59', 0),
	(482, 47, 3, '2021-11-06', '2022-10-06', '2020-01-02 06:36:29', 0),
	(483, 69, 15, '2021-08-12', '2022-08-06', '2019-11-30 17:43:53', 0),
	(484, 69, 16, '2021-03-20', '2022-05-31', '2019-01-17 06:24:21', 0),
	(485, 118, 9, '2021-12-03', '2022-01-07', '2019-05-24 12:02:40', 0),
	(486, 1, 5, '2021-04-21', '2022-06-08', '2020-03-12 15:40:45', 0),
	(487, 102, 1, '2021-03-16', '2022-09-26', '2020-10-27 09:25:21', 0),
	(488, 9, 4, '2021-10-21', '2022-01-24', '2019-01-11 10:01:59', 0),
	(489, 67, 16, '2021-10-05', '2022-03-24', '2020-12-17 17:16:29', 0),
	(490, 31, 3, '2021-07-15', '2022-04-18', '2019-12-06 14:03:46', 0),
	(491, 7, 1, '2021-01-03', '2022-07-04', '2019-03-24 15:50:05', 0),
	(492, 30, 4, '2021-12-04', '2022-04-05', '2019-05-06 03:19:45', 0),
	(493, 41, 8, '2021-12-04', '2022-04-07', '2020-09-07 22:41:07', 0),
	(494, 118, 4, '2021-01-02', '2022-01-18', '2020-04-21 09:00:38', 0),
	(495, 62, 10, '2021-02-10', '2022-12-27', '2020-04-15 14:13:46', 0),
	(496, 67, 7, '2021-01-02', '2022-03-04', '2019-04-21 13:06:43', 0),
	(497, 93, 6, '2021-03-07', '2022-08-01', '2019-09-22 21:50:34', 0),
	(498, 32, 5, '2021-09-08', '2022-10-30', '2019-08-09 16:44:22', 0),
	(499, 114, 10, '2021-06-17', '2022-11-10', '2020-07-18 12:01:09', 0),
	(500, 100, 7, '2021-06-12', '2022-06-03', '2020-03-11 22:41:52', 0);
/*!40000 ALTER TABLE `mobilities` ENABLE KEYS */;

-- Listage des données de la table projet_ntiers.programs : ~19 rows (environ)
/*!40000 ALTER TABLE `programs` DISABLE KEYS */;
INSERT INTO `programs` (`id`, `destination_id`, `title`, `status`) VALUES
	(1, 1, 'Génie électrique et informatique', 1),
	(2, 1, 'Physique', 1),
	(3, 1, 'Informatique', 1),
	(4, 1, 'Technologie de l’information et de management', 1),
	(5, 2, 'Gestion des organisations', 1),
	(6, 2, 'Maîtrise en Ingénierie', 1),
	(7, 2, 'Maîtrise en Informatique', 1),
	(8, 2, 'Maîtrise en Informatique – Option Jeux vidéo', 1),
	(9, 3, 'Electronique', 1),
	(10, 3, 'Informatique', 1),
	(11, 4, 'Génie des systèmes de Télécommunications et Réseaux', 1),
	(12, 4, 'Génie des Systèmes électroniques automatiques', 1),
	(13, 5, 'E-Management et Business Intelligence', 1),
	(14, 5, 'Génie Logiciel', 1),
	(15, 5, 'Ingénierie Digitale pour la Finance', 1),
	(16, 5, 'Ingénierie du Web et Informatique Mobile', 1),
	(17, 5, 'Ingénierie e-Logistique', 1),
	(18, 5, 'Ingénierie Intelligence Artificielle', 1),
	(19, 5, 'Sécurité des Systèmes d’Information', 1);
/*!40000 ALTER TABLE `programs` ENABLE KEYS */;

-- Listage des données de la table projet_ntiers.users : ~130 rows (environ)
/*!40000 ALTER TABLE `users` DISABLE KEYS */;
INSERT INTO `users` (`id`, `num_etudiant`, `role`, `username`, `password`, `name`, `surname`, `year_group`, `image_path`) VALUES
	(1, 18005759, 0, 'achard.jocelyn', '$2y$10$lnZON5g7SVvMwR/m/s7v7e07wvpnXjcXh/Pf5EzACONrqbok544lO', 'Jocelyn', 'ACHARD', '2018', 'img-001.jpg'),
	(2, 18006135, 0, 'anastassiades.alexandre', '$2y$10$Md0zsMld.UqKtGAvEje8duSVF8khLKVISZ0atokZO6voZ6GGKiGM6', 'Alexandre', 'ANASTASSIADES', '2018', 'img-002.jpg'),
	(3, 18006125, 0, 'archambault.victor', '$2y$10$g71Tc9FbBIyNgPClkXe9p.97UUBltpiWkYCgK8z321fmK/c/7RfLS', 'Victor', 'ARCHAMBAULT', '2018', 'img-003.jpg'),
	(4, 16001095, 0, 'arnette.thomas', '$2y$10$9dKBZJHiecyiT7.DllrFcecYuN3pl1FQRnEnHMQF3YLMrXpuAZ5BO', 'Thomas', 'ARNETTE', '2018', 'img-004.jpg'),
	(5, 18005891, 0, 'audrerie.valentin', '$2y$10$CrrBaXQlCBN34xoNWpefeOF5a9ekQny0AE7beB10UfCwEnL.uYQeW', 'Valentin', 'AUDRERIE', '2018', 'img-005.jpg'),
	(6, 16004411, 0, 'aydin.safak', '$2y$10$ckTY.3suV2sH3a4yas2u3OCQbK4/elJzWizopa2V5VYRHmgE4Qrf.', 'Safak', 'AYDIN', '2018', 'default.jpg'),
	(7, 16008295, 0, 'ba.mamadou', '$2y$10$NqnWlIYXgxsNPjCR/WZIOu2u8sDUpsfbYoqdZeQOIwQ7/2wD3WS8i', 'Mamadou', 'BA', '2018', 'img-006.jpg'),
	(8, 16007800, 0, 'bar.serigne-fallou', '$2y$10$HLsdKHV8DmITpgBHnSsxEuwgjtGrtv/DBLe/gCFRTjWKObSR.queO', 'Serigne Fallou', 'BAR', '2018', 'img-007.jpg'),
	(9, 18006326, 0, 'benbah.soufiane', '$2y$10$L5TrpysJmCS/qyHi9AYdHO9IxDeInddmx21HjyRlkLpLTSBC6r/Ya', 'Soufiane', 'BENBAH', '2018', 'img-008.jpg'),
	(10, 18000605, 0, 'benhabbour.ilies', '$2y$10$N2QBAghNK413yH8FaWgJgeO2ZzMv57xg6YYh0VDUsa32bkVFqjuw2', 'Ilies', 'BENHABBOUR', '2018', 'img-009.jpg'),
	(11, 18006549, 0, 'bertin.tristan', '$2y$10$io0v2nYiDABmuqPMRXhhYeIqiR9uzev0Z829kcSj8YFHXfkcaUPBa', 'Tristan', 'BERTIN', '2018', 'img-010.jpg'),
	(12, 18006253, 0, 'bigand.clemence', '$2y$10$2a8avpSv20Ege8VMx1ylwuQjsQBWpkeY01oyDk.UziaVKD4A9pvpa', 'Clémence', 'BIGAND', '2018', 'img-011.jpg'),
	(13, 18006353, 0, 'billard.solene', '$2y$10$5lNWIg7wZgnOliyhTsFxWOufrWl0cHlS6np94AarZer8DmPq7lRD6', 'Solène', 'BILLARD', '2018', 'img-012.jpg'),
	(14, 16001391, 0, 'bitot.lucille', '$2y$10$VBOA4fUrNJWdL4EdUL7GG.kyOWytwkrM0DCZTFRYOIhzFywXDo9uC', 'Lucille', 'BITOT', '2018', 'img-013.jpg'),
	(15, 15000624, 0, 'blanchard.martin', '$2y$10$YvkIeQLM1loKUPwPCqbpU.UB81FWyn3UrOh9dN7UQqMLgJQ.hi6Uq', 'Martin', 'BLANCHARD', '2018', 'img-014.jpg'),
	(16, 18005904, 0, 'boiron.arthur', '$2y$10$ounTWKZs/qfxfbL9tTRVCOojREuPiXp./YQWSh07GGq81BRl99.9G', 'Arthur', 'BOIRON', '2018', 'img-015.jpg'),
	(17, 18006351, 0, 'botrel.heloise', '$2y$10$0KYLUgld3Pk8vj/1pTPVy.r4qA0CZsVy8gUdQLU9EpcgSbbcPQ.mK', 'Héloïse', 'BOTREL', '2018', 'img-016.jpg'),
	(18, 18005783, 0, 'boujrad.imane', '$2y$10$j2.c6LDMKJghmE5hlZmQBuH4gbHWrUlVm4TRQPgRCnPtMcZAG5eYK', 'Imane', 'BOUJRAD', '2018', 'img-017.jpg'),
	(19, 18000603, 0, 'boumahdi.youness', '$2y$10$9TxSc3YFyD364bEW2Mi3xetXPrEgiSVEIp4m3CdixV.l4E54aoOqu', 'Youness', 'BOUMAHDI', '2018', 'img-018.jpg'),
	(20, 16000950, 0, 'brossier.baptiste', '$2y$10$nclwQqCObzo8pHIZk0bZ1e5nBLb/Vki5awKA9yOhbR60lw6cIw1iC', 'Baptiste', 'BROSSIER', '2018', 'img-019.jpg'),
	(21, 18006241, 0, 'bruchet.elise', '$2y$10$JBzLj5GU2Kxo16h5wBPyJuM9OOpTJKB91yNy4zazCSBp9JpjGd6PG', 'Elise', 'BRUCHET', '2018', 'img-020.jpg'),
	(22, 16001116, 0, 'caglar.kamil', '$2y$10$vzDMt62z4IxRgBFRtovGjOcj0d3wQrBEprcd7gKnThkiK7wObj5M2', 'Kamil', 'CAGLAR', '2018', 'img-021.jpg'),
	(23, 16001076, 0, 'calero.lisa', '$2y$10$9e.wutvs/S8R0SQceAqpv.35kkjP5TrdyfllMGBQIcm0kVFUp7u7e', 'Lisa', 'CALERO', '2018', 'img-022.jpg'),
	(24, 18006630, 0, 'carreel.simon', '$2y$10$Hz50V20i5cCiIGuZvaDHb.fyaheqUuIfd4M2UjqyOIEJ0hoQ81D66', 'Simon', 'CARRÉEL', '2018', 'img-023.jpg'),
	(25, 16005988, 0, 'casadevall.thomas', '$2y$10$R4m84hwkxPGKG34mqcfg3.gi6GmZEaOsBOsrKRjJKOvftXP..7Tte', 'Thomas', 'CASADEVALL', '2018', 'img-024.jpg'),
	(26, 18006542, 0, 'cassier.logan', '$2y$10$8bA/elLrqcwHcUnfuaSnbOD9WBfk8OYXCeAB7mzbJj3IsEPJe67w.', 'Logan', 'CASSIER', '2018', 'img-025.jpg'),
	(27, 16000912, 0, 'chanfrault.pierre', '$2y$10$wBZgh18JvSKPSKDUvFEkn.79aoMQsovmRHvTvWBcqqtB3TxtFTE12', 'Pierre', 'CHANFRAULT', '2018', 'img-026.jpg'),
	(28, 18006532, 0, 'chatelin.lucas', '$2y$10$iueFzOG4OmGbcpV9nhbcButV9MODrexnbpx7DHnC16BcSunXk1H2C', 'Lucas', 'CHATELIN', '2018', 'img-027.jpg'),
	(29, 18006228, 0, 'comte.vincent', '$2y$10$Gy4t9rnRqUztKdhcNp5SNuoSCTfw0s0TQdJfNBxJ7a0IVu7QKXE.S', 'Vincent', 'COMTE', '2018', 'img-028.jpg'),
	(30, 18006143, 0, 'crozier.matthis', '$2y$10$Yen4qRBBfUdLSyP5F/dgW.dIBb7eOr3B7L.meVywR8fRzncjuSIb2', 'Matthis', 'CROZIER', '2018', 'img-029.jpg'),
	(31, 18006003, 0, 'dedier.leo', '$2y$10$/XLFHjJUtB/rXogFszWkbuNvMgDSZbL.RwQviZd5ByN8yLa72Ksz6', 'Léo', 'DEDIER', '2018', 'img-030.jpg'),
	(32, 18006218, 0, 'delcroix.leon', '$2y$10$yJIR9USWyJi/bJcf6/e4rO2wX.h1D8P0faks7EHpiciGtVN7lQSq6', 'Léon', 'DELCROIX', '2018', 'img-031.jpg'),
	(33, 16001032, 0, 'deschaux.ophelie', '$2y$10$mWAzQjUPNGb9uc6ceDh.m.C6hdZC75SWG1Mt3NRrFP5RcDGLT6BNS', 'Ophélie', 'DESCHAUX', '2018', 'img-032.jpg'),
	(34, 16000894, 0, 'drogo.richard', '$2y$10$2LZ.a8LuSVwyohwsZbY6guOGerfHy6vuCCcAocU33eUueBNk0Wn0G', 'Richard', 'DROGO', '2018', 'img-033.jpg'),
	(35, 17005760, 0, 'drouet.jocelyn', '$2y$10$42L6IIdIF8q4Xmxt.FV0Cux/K3.GYVw4b1SQlhDkUnFpHc1f0VUC6', 'Jocelyn', 'DROUET', '2018', 'img-034.jpg'),
	(36, 18006203, 0, 'dubuisson.isidore', '$2y$10$Jjh0WgWZ7MIN55FAHKaHb.F1.QusmBZm/c.Eobq9cwqRCVUWxNW2y', 'Isidore', 'DUBUISSON', '2018', 'img-035.jpg'),
	(37, 18007049, 0, 'elouafkaoui.sami-aymane', '$2y$10$seH/SJtEIb4ct3JWDghUWOYgAScyexmqut3sFO1qAGbXXLZtd8ORW', 'Sami Aymane', 'ELOUAFKAOUI', '2018', 'img-036.jpg'),
	(38, 18005877, 0, 'enaux.apolline', '$2y$10$dM.h.dXk1No7GqpbPFwg0.zJyLSgP.3SKYU29pTFgbDmPOr9TuzVS', 'Apolline', 'ENAUX', '2018', 'img-037.jpg'),
	(39, 17005965, 0, 'etheve.braz-ma', '$2y$10$HG/ESldzhXvwZQR3ubskUufQqTvZ/By.j0WAMN0Gu3fJ1dWi7sF5W', 'Braz-Mà', 'ETHÈVE', '2018', 'img-038.jpg'),
	(40, 15000616, 0, 'faure.mickael', '$2y$10$.0OIq74X2HbiyuNa0PV7pu/AP2DHKWEeYwvPz3Bj4uxvie31UoJc2', 'Mickaël', 'FAURE', '2018', 'img-039.jpg'),
	(41, 16001021, 0, 'ferlay.corentin', '$2y$10$5qijS649AMvGSnR7RHEKY.JYXLC9xLFtbRhQX3mdFyiqEA/ZLHLAm', 'Corentin', 'FERLAY', '2018', 'img-040.jpg'),
	(42, 18006146, 0, 'fouquet.alexandre', '$2y$10$lZLWLDnJ90nXTcV07ZaHSOIve7uPNlhcKx52IUJQOCkKygHpdjyP6', 'Alexandre', 'FOUQUET', '2018', 'img-041.jpg'),
	(43, 18006212, 0, 'frigard.hugo', '$2y$10$Q0CF1JkbhBxrrBi68zQ8PezsSvN2eYePu9tMD6GoEz9VEtvR0ES2O', 'Hugo', 'FRIGARD', '2018', 'img-042.jpg'),
	(44, 18007044, 0, 'gao.yan', '$2y$10$XTYHqggII5w4WHFzxA/4RuNzMWgIkDygjHwkx23riuLvxswH1ILji', 'Yan', 'GAO', '2018', 'img-043.jpg'),
	(45, 18006145, 0, 'garnier.florian', '$2y$10$UGyOlPaeaSxdOSQ5nMpKBulF/uMGompZgjJwDIQ0vHz2ON3zdpqBa', 'Florian', 'GARNIER', '2018', 'img-044.jpg'),
	(46, 18005921, 0, 'gartiser.valentin', '$2y$10$U2j3ru/aduisvwEghJ.7x..7zz/J9hWH7IeFzuvD0qNkvN2JGX3zW', 'Valentin', 'GARTISER', '2018', 'img-045.jpg'),
	(47, 18005926, 0, 'genthon.antoine', '$2y$10$Uw8Zk3y2AmETudVa5X0rleuc59EWDuCOyfWbrfSGGLilVQmdogl0K', 'Antoine', 'GENTHON', '2018', 'img-046.jpg'),
	(48, 18006153, 0, 'geoffroy.leane', '$2y$10$Kmw6CK8VWnfU4tiFSm/4d.qAAbVK3henSZb4XvF3ID4v6DR67umFi', 'Léane', 'GEOFFROY', '2018', 'img-047.jpg'),
	(49, 16005993, 0, 'giovinazzo.julien', '$2y$10$1hsKsAbMmIsRpFyUU.gB7uU9izTSkP.R8a3/Bj1ofmYOi9Nn2t.5G', 'Julien', 'GIOVINAZZO', '2018', 'img-048.jpg'),
	(50, 18006383, 0, 'goddet.emilion', '$2y$10$q35DkoSQrA3ggMZDh9B43OdudQv3an1VsMDxKCVr76ec2yBw35uNO', 'Emilion', 'GODDET', '2018', 'img-049.jpg'),
	(51, 16000931, 0, 'gormond.cedric', '$2y$10$UsUSV38uOoK0rWOeDeqwpOuUc5p5DUZX6f/boqE9V0nRB3V6B4blC', 'Cédric', 'GORMOND', '2018', 'img-050.jpg'),
	(52, 18006225, 0, 'gozzi.leo', '$2y$10$PSTYQJS7Z1cz2LNZLoLw2.FSu5l6S0EFJ9qKV1w.TPzffwjnG0Om6', 'Léo', 'GOZZI', '2018', 'img-051.jpg'),
	(53, 18006230, 0, 'guendouz.yassine', '$2y$10$KqGuQCDZPKvp9l4qyZKK5uhwwSSUS3r7TtScKF2M0MApJCpK4c4Vi', 'Yassine', 'GUENDOUZ', '2018', 'img-052.jpg'),
	(54, 18007979, 0, 'guibert.arnaud', '$2y$10$tFGw4p1zujjiOzg6N6ceR.TyMCYhw7HlpamcUfFNb31PCv9WNqbCi', 'Arnaud', 'GUIBERT', '2018', 'img-053.jpg'),
	(55, 17001273, 0, 'guillermin.alexandre', '$2y$10$qaHyGj312yej8hTxixPtq.TesCZpGRtcv98jKSJnw4cxkv/otsa7K', 'Alexandre', 'GUILLERMIN', '2018', 'img-054.jpg'),
	(56, 18005897, 0, 'hauchecorne.antoine', '$2y$10$dnkMcZ3h6gTNPszOHIDAMuRiAOnzowAlIb.XNLf/B3eJncQOqF5r2', 'Antoine', 'HAUCHECORNE', '2018', 'img-055.jpg'),
	(57, 18001181, 0, 'hossain.tabrose', '$2y$10$7mLHsTPRrGXZXQNh0aCNguvG8vO0XtBmr0hvr1/OL9gXAjialIVYG', 'Tabrose', 'HOSSAIN', '2018', 'img-056.jpg'),
	(58, 18006358, 0, 'houdelet.lilian', '$2y$10$CI75waXg5hou/jo0GFkjh.VfeU9fvJtFT6wx0icYwiK..B1GoMQ4O', 'Lilian', 'HOUDELET', '2018', 'img-057.jpg'),
	(59, 17005981, 0, 'houssain.heiava', '$2y$10$PLBLce7wIAee.y7BxnecROYUQ3VlTurVmc4Zudy4EVnG8BKDmnaC2', 'Heiava', 'HOUSSIN', '2018', 'img-058.jpg'),
	(60, 18006197, 0, 'huguenot.remi', '$2y$10$0G0KInRY360lNZmTDURSheHtrI83nrtgQuVj4gU9GYGgxMZFuuGxi', 'Rémi', 'HUGUENOT', '2018', 'img-059.jpg'),
	(61, 18005986, 0, 'jacquet.jean-baptiste', '$2y$10$PYg2SPKEzr25ywLuGhB6q.ih.vInN1q4dtjqJT9iQx.hojg8Kq6cu', 'Jean-Baptiste', 'JACQUET', '2018', 'img-060.jpg'),
	(62, 18007125, 0, 'kablawat.abdallah', '$2y$10$du5WY92fmrVmAmH3lvpBpOu68i2Tio8UVgCVGucXLbS38YxJwWj6K', 'Abdallah', 'KABLAWAT', '2018', 'img-061.jpg'),
	(63, 18005768, 0, 'kurzawa.aurelien', '$2y$10$cklQ8IodULl2qsF/JyFW5OH15sHwUe.RqfxoOJCe5RyBWOofJ6Kr.', 'Aurelien', 'KURZAWA', '2018', 'img-062.jpg'),
	(64, 18005751, 0, 'laiguillon.ariane', '$2y$10$sFu/nI5T7j8c9VvpFGlkIOKKqTrhktYkz/6I/sWGflUmZAJoR0MMO', 'Ariane', 'LAIGUILLON', '2018', 'img-063.jpg'),
	(65, 18005943, 0, 'lamirault.mathilde', '$2y$10$Q/cXPoscmgMByYBZ9vypjuLCJrJcQI5dI59YQJ58JYuLhl/2eu7F2', 'Mathilde', 'LAMIRAULT', '2018', 'img-064.jpg'),
	(66, 18006015, 0, 'le-meur.paul', '$2y$10$SWDoq9nScROLg1g7wiPt.ucVfsvoDBp5NMut1z7ZBVdqwd2u6r2Oi', 'Paul', 'LE MEUR', '2018', 'img-065.jpg'),
	(67, 17006993, 0, 'lei.jiajie', '$2y$10$lEE6EPJdUr0J4UGghOzde.hCI3xSITqs3ESCMGAbu9el636r8t9we', 'Jiajie', 'LEI', '2018', 'img-066.jpg'),
	(68, 17007215, 0, 'lemarquand.paul', '$2y$10$LPAbu5.BfqX07vmlWdACx.8aXUcVFUUoLqJIpQeyMVaBWPixKLXMi', 'Paul', 'LEMARQUAND', '2018', 'img-067.jpg'),
	(69, 18006139, 0, 'lesage.alice', '$2y$10$vuo1/ep6I0syNs8swj5An.EquCkOiQaQRzRLJC5E49k.XvzQ6ReJS', 'Alice', 'LESAGE', '2018', 'img-068.jpg'),
	(70, 18005808, 0, 'luton.clement', '$2y$10$y0wmZvfebJuie/DbxAO5ROpdJaaaSpOjGWJdINCLSR29UM0v52xAu', 'Clément', 'LUTON', '2018', 'img-069.jpg'),
	(71, 18005893, 0, 'maigne.pierre', '$2y$10$awD2y82P1e97QlwuTTa4W.T136VFSCQmNPglI97aXrPoAqZW0KFE.', 'Pierre', 'MAIGNÉ', '2018', 'img-070.jpg'),
	(72, 16006020, 0, 'mallen.quentin', '$2y$10$RH7FzJp43S7PpBwuQp6jPu9IOxdYQoJSE9LLJY87nauDMHtC2.YQu', 'Quentin', 'MALLEN', '2018', 'img-071.jpg'),
	(73, 18006204, 0, 'marguerite.lea', '$2y$10$Pue641rXC01ywBBffNWnnOc/bXPlgOqZPUJxa725R6Gz9IMPftxAu', 'Léa', 'MARGUERITE', '2018', 'img-072.jpg'),
	(74, 18006128, 0, 'martinon.maialen', '$2y$10$aLVUH/DOlrSF7L.b7WnM9ehdCFVKWdhV3xgoM8P8rhNxYPLll4MpO', 'Maïalen', 'MARTINON', '2018', 'img-073.jpg'),
	(75, 16000993, 0, 'mazanka.sergiy', '$2y$10$iplBgZAU.uEkTNCC9/3ss.rIzg/n0snG38xfSWQyv9uyrXAexeTKy', 'Sergiy', 'MAZANKA', '2018', 'img-074.jpg'),
	(76, 18005929, 0, 'menet.aude', '$2y$10$fOPiMzdA2HtR..KzgLDzA.VlbDx4KA5HH5MOOa9h42iOXVnV9WIGi', 'Aude', 'MENET', '2018', 'img-075.jpg'),
	(77, 18005826, 0, 'mercier.guillaume', '$2y$10$MoaF36svfcCxsckJws9Cd.PIGPTnd6vlYjGXrHjj5jpHMBC61cslq', 'Guillaume', 'MERCIER', '2018', 'img-076.jpg'),
	(78, 16000889, 0, 'merley.audric', '$2y$10$34o9c4f9qrURtwoSnqc1KurqTe46Ua4AT/rGiZxclD57lbLwfqd76', 'Audric', 'MERLEY', '2018', 'img-077.jpg'),
	(79, 18006550, 0, 'mersni.nabil', '$2y$10$APHcMvc82rB10AkjVBkO..YujPtiONjVRQ6U1fpH6vLo0rthTFEzS', 'Nabil', 'MERSNI', '2018', 'img-078.jpg'),
	(80, 18008246, 0, 'meyer.alain', '$2y$10$WXDKK1OHVkR6YnV3d8EYOuPezWKg.4Al1/hizNcgzuNhtV/g6m.wy', 'Alain', 'MEYER', '2018', 'img-079.jpg'),
	(81, 18006114, 0, 'midol-monnet.adrien', '$2y$10$K6HxxwTuJ4p9VvuzknlfFuaYcl6xOvV82xQQJ95oZ9s5k3rRJ6f4O', 'Adrien', 'MIDOL-MONNET', '2018', 'img-080.jpg'),
	(82, 16001026, 0, 'milan.raphaele', '$2y$10$Oro3OojAe9X8pRsY/jcwcuIAjppxOgNK4/L40hbZzQwj0IggmPnKa', 'Raphaële', 'MILAN', '2018', 'img-081.jpg'),
	(83, 17008197, 0, 'moreau.hugo', '$2y$10$bmPh7AcCSGSTS3bEqqTyoOFj7I4xcqKgDEvlzBu.jNrDTU2hI95bS', 'Hugo', 'MOREAU', '2018', 'img-082.jpg'),
	(84, 18006543, 0, 'moreau.valentin', '$2y$10$YujE4d71U.YyUTG4Qv.oZ.ayJbpLr.XIZzb3pOyHEjZID0jJxMsTm', 'Valentin', 'MOREAU', '2018', 'img-083.jpg'),
	(85, 18007997, 0, 'mornard.isabelle', '$2y$10$y7W5p4v1.NzeDJH0vX2KDeW4R3Jb.Yg3cLfNP6pZYGe/J694x8K4S', 'Isabelle', 'MORNARD', '2018', 'img-084.jpg'),
	(86, 18007048, 0, 'muzeau.max', '$2y$10$scnc5PUUja791mutmq6u5ujbSNijGD6OXTzJf85Gb3Clab9pMJ/ui', 'Max', 'MUZEAU', '2018', 'img-085.jpg'),
	(87, 18001114, 0, 'ndiaye.hawa', '$2y$10$TuP5Q.Peu4/4wLPzwa0ON.gLqvG20VsV78WPf.M.ZF9eTnGzXErCO', 'Hawa', 'NDIAYE', '2018', 'img-086.jpg'),
	(88, 16006004, 0, 'ngoulo-bembe.mesmin', '$2y$10$GQ4uWjPEvZRTIxi3pebDjefUbes9Bgk.htK6vukokSFqmh0N6RUuW', 'Mesmin', 'NGOULO BEMBE', '2018', 'img-087.jpg'),
	(89, 16001031, 0, 'nunes.martin', '$2y$10$3YvW37Mqs8nRMi5BKSvj5.jSXyMGkifvNUUgusLjm/7dFYkDcnYbW', 'Martin', 'NUNES', '2018', 'img-088.jpg'),
	(90, 18007182, 0, 'olle.benjamin', '$2y$10$vMFnnmLFZedQFP9TABKbHeu2p/aBMds/EmYEyvgYk0pj0AU1196Vu', 'Benjamin', 'OLLÉ', '2018', 'img-089.jpg'),
	(91, 16006041, 0, 'ortolano.vincent', '$2y$10$rc7JpnPEHfmQCXheO1dTdO9mLHKLxOCNOX7SbQwFGYQE9d.wi5jFe', 'Vincent', 'ORTOLANO', '2018', 'img-090.jpg'),
	(92, 18008530, 0, 'oubad.amine', '$2y$10$OsvztYI8p25O7mz6TJVO0eN0uWDLfwW8kizqGKtSB/E8sMH4YVbB2', 'Amine', 'OUBAD', '2018', 'img-091.jpg'),
	(93, 15004709, 0, 'pechillon.loris', '$2y$10$Zz4kqf.eGnsH6KH3vKYFk.XDwG7p0mh3VvvanrHSTmVodoGXAJtGO', 'Loris', 'PECHILLON', '2018', 'img-092.jpg'),
	(94, 18006160, 0, 'perraud.vincent', '$2y$10$6ZAivmE1F4HXK6NJ8ldVjeyZlCzTkfNsVQPxA3N6Jj2//er2wQb6y', 'Vincent', 'PERRAUD', '2018', 'img-093.jpg'),
	(95, 18002536, 0, 'pierre.robin', '$2y$10$G74G0JXHjHGABjBhwuz.GeX3LLzqmvDFKUiGSOVwW0CWyuBde.nKW', 'Robin', 'PIERRE', '2018', 'img-094.jpg'),
	(96, 18006545, 0, 'poulain.matthieu', '$2y$10$zwhOCQ3.qrOjloSWTUZ9W.9c7BfoE3w8VyHZP8664O71Zst7/NSk6', 'Matthieu', 'POULAIN', '2018', 'img-095.jpg'),
	(97, 18005794, 0, 'queffelec.matthieu', '$2y$10$5hBtdHIg7Zy.cjJJanM18u0EB3HgzzLCNxNsm7cWTCT/5fYII606e', 'Matthieu', 'QUEFFÉLEC', '2018', 'img-096.jpg'),
	(98, 18002269, 0, 'rahim.sheriza', '$2y$10$SOElrM2GEZOc0mzxPy0F4eEkFUSXTVhppAKu7rWRNiWOZcEuLcIcS', 'Sheriza', 'RAHIM', '2018', 'img-097.jpg'),
	(99, 18005923, 0, 'romage.axel', '$2y$10$HjPtacawu3MBEQrulbCgPe/ryqkICrq7w5cziKwui2FcQ5zqVd/Be', 'Axel', 'ROMAGE', '2018', 'img-098.jpg'),
	(100, 17005744, 0, 'sage.louis', '$2y$10$zW59HAj2hAymEGHnDRIt4.burC.xD7CYeCcZqSuQPQZQLSQJC.afG', 'Louis', 'SAGE', '2018', 'img-099.jpg'),
	(101, 18004379, 0, 'saint-pierre.ritchy', '$2y$10$elXdPU6QfYWEHhPSDocxL.Q2ECUvX5CRH6G8Nrmkts11BYDM6nT.S', 'Ritchy', 'SAINT-PIERRE', '2018', 'img-100.jpg'),
	(102, 18006534, 0, 'samuel.felix', '$2y$10$xe133L.FUBwAJ7rt7Kig.e/9hRDsCTfqiYjIWfBAfXjMZpHLeleX2', 'Félix', 'SAMUEL', '2018', 'img-101.jpg'),
	(103, 18004660, 0, 'saunier.malo', '$2y$10$rvD9maK4VZw5YMgf2ybL6.oCHqhXWXbLU4ZBfIFo5jm6b.jOwrzKa', 'Malo', 'SAUNIER', '2018', 'img-102.jpg'),
	(104, 18005881, 0, 'shah-hosseini.alice', '$2y$10$6eWQVi6dOM6fbTF/ytQ1y.hYqAN/zgrVf/upKcFA5/CqvACyJMmZa', 'Alice', 'SHAH HOSSEINI', '2018', 'img-103.jpg'),
	(105, 18006110, 0, 'solane.alexandre', '$2y$10$uywAN2DWSVJAnwdXQW2Xzue5ucTOyBdGafzRrrLPMgeJsnpJMcATi', 'Alexandre', 'SOLANE', '2018', 'img-104.jpg'),
	(106, 18006750, 0, 'soltana.rahma', '$2y$10$44hQuXNBDLyAaYTZ88s04eVFA3m/SAEm1mNCNu8ibRR9/0U0LOL8y', 'Rahma', 'SOLTANA', '2018', 'img-105.jpg'),
	(107, 18005913, 0, 'tacussel.clement', '$2y$10$2Jvi5yMIUFCW5A4wUckxau83A9f9jCYa3fFkqGvwXNRWshECm6bsu', 'Clément', 'TACUSSEL', '2018', 'img-106.jpg'),
	(108, 18005884, 0, 'tai.lea', '$2y$10$jD2oaaYNnLPeDGu84UBy2eVh2iHP705XuVRrzmRXCptwroS/gAa4C', 'Léa', 'TAI', '2018', 'img-107.jpg'),
	(109, 18005778, 0, 'tauleigne.samuel', '$2y$10$4OoamR0X/6YQ1xNHh7m2v.xr5msUNpPUHcKZ37EJ6FezfAazwKatK', 'Samuel', 'TAULEIGNE', '2018', 'img-108.jpg'),
	(110, 16000994, 0, 'tavernier.arnaud', '$2y$10$I9zlKm/dYki5YhjYQ2A1eetm7ir7Ww8jycb2xXMPDnJOiQ5atBkNm', 'Arnaud', 'TAVERNIER', '2018', 'img-109.jpg'),
	(111, 16006002, 0, 'tercier.adrian', '$2y$10$BiOLRjBDYpCfkFxftCF0l.pdwIcvRi3FL1hHOvG6ryMnnhslZP3IW', 'Adrian', 'TERCIER', '2018', 'img-110.jpg'),
	(112, 18005925, 0, 'thiollet.arnaud', '$2y$10$reSnhobiGV/tJiZljRE9VOPD.goki.WVGu6qG6gZtHLKqFI/i31zy', 'Arnaud', 'THIOLLET', '2018', 'img-111.jpg'),
	(113, 18005771, 0, 'umenhover.lola', '$2y$10$xnpLdR0iGlZ1Ohx9Ylok9OkWXhviWGK.PCTpcfA4X2SfbNW6Tqc5W', 'Lola', 'UMENHOVER', '2018', 'img-112.jpg'),
	(114, 18006354, 0, 'ung.sobun', '$2y$10$1F2kYkBCbwTpaffFK68h5u.8r89Y7Th2VtksivkXDwil2N.IRrMzK', 'Sobun', 'UNG', '2018', 'img-113.jpg'),
	(115, 18005765, 0, 'vang.thomas', '$2y$10$YBNU0rM0kUE11lqnJ6rN6uSuheDuoia8pxgm/QRj6KSyKaExVSh8S', 'Thomas', 'VANG', '2018', 'img-114.jpg'),
	(116, 18006157, 0, 'veillon.ange', '$2y$10$ssAgxF4YVTN8HiJuaW.x6.Onp0yPeNVn0nU1JeaTgJK0FTZhqO5nK', 'Ange', 'VEILLON', '2018', 'img-115.jpg'),
	(117, 16000885, 0, 'vernay.julien', '$2y$10$A3qxOGHT.crFqphnT5sMEu6L/QYfZfAUGlwur957UbAT08a1ky6Cq', 'Julien', 'VERNAY', '2018', 'img-116.jpg'),
	(118, 18003865, 0, 'veron.hugo', '$2y$10$C9Ax29E1iyw416A.EG2fpuKMHWdYsi5Cy3vZEp1wkIQY/kB1FoiD2', 'hugo', 'VERON', '2018', 'img-117.jpg'),
	(119, 18006158, 0, 'vielle-carre.romain', '$2y$10$I9Lz214y2NcFQJDvCFsPWeDvVzTeLSA7TYlPW4tWzRoSlTnbHiMoe', 'Romain', 'VIELLE-CARRÉ', '2018', 'img-118.jpg'),
	(120, 18001793, 0, 'vigliano.lea', '$2y$10$aa0ZeK0rU0T8.L0XqRFXEuzcoZ6oPl9GDC08Tq9xQuV//cjBrf4Di', 'Léa', 'VIGLIANO', '2018', 'img-119.jpg'),
	(121, 18006658, 0, 'ville.adrien', '$2y$10$tmMWQJRZNmGuGsa.xC30l.cJg.GATZbWLMcjfBQ4je0EWCSSfGH5m', 'Adrien', 'VILLE', '2018', 'img-120.jpg'),
	(122, 18006164, 0, 'vinckel.francois', '$2y$10$gzqfjfIaA0Kky1ac6TmCcu4.Txa6AWYh48KOLS/6BXabznfrMrAZC', 'François', 'VINCKEL', '2018', 'img-121.jpg'),
	(123, 16005991, 0, 'voglimacci.hugo', '$2y$10$qLIhKw6flAgA2LtozW/6Nu/.2iAbaFOPZFMP5dZxRbgMJORJdxeoy', 'Hugo', 'VOGLIMACCI', '2018', 'img-122.jpg'),
	(124, 16001056, 0, 'vuiton.florian', '$2y$10$YmkhlrFM0TFCnxkDnsHH9.HCx62LBAAtlenQlMQ78fbqSZCTKxT3S', 'Florian', 'VUITON', '2018', 'img-123.jpg'),
	(125, 18006024, 0, 'wantz-bessou.valentin', '$2y$10$hx5YXxbd3ySVcbIceh32qeDdG5/SLmDy/PUBBCxYp..oV591qom5.', 'Valentin', 'WANTZ-BESSOU', '2018', 'img-124.jpg'),
	(126, 18007045, 0, 'wu.jinda', '$2y$10$rB0B6IJAMXudm3V50.S9C.SVeppzTQp.6P8X1SPCMevpppFKhiuCS', 'Jinda', 'WU', '2018', 'img-125.jpg'),
	(127, 18005879, 0, 'yammine.eric', '$2y$10$C8TK171CqyxIgfOAfqegEuDVI1ALMa26M3VDwAr8M9EnyII5QhIq6', 'Eric', 'YAMMINE', '2018', 'img-126.jpg'),
	(128, 16000936, 0, 'zdrada.florian', '$2y$10$myoxvzTSbkIGUk4VSq.VgeYWPO7rkQ5V5JEbkiTFipmc9lSKOsOr.', 'Florian', 'ZDRADA', '2018', 'img-127.jpg'),
	(129, 18007043, 0, 'zhou.nan', '$2y$10$RjzStu4GI5iDc8/scDiSfeu8GKS.OYzHYxCTP/xvDUr0rndp1JU8S', 'Nan', 'ZHOU', '2018', 'img-128.jpg'),
	(130, NULL, 1, 'fayolle.jacques', '$2y$10$TfbMsZg6eCKVazyA315l4uJXupFH2vvWfcIJ4iw1j8TntuHF8WCtu', 'Jacques', 'FAYOLLE', '', 'default.jpg');
/*!40000 ALTER TABLE `users` ENABLE KEYS */;

/*!40101 SET SQL_MODE=IFNULL(@OLD_SQL_MODE, '') */;
/*!40014 SET FOREIGN_KEY_CHECKS=IF(@OLD_FOREIGN_KEY_CHECKS IS NULL, 1, @OLD_FOREIGN_KEY_CHECKS) */;
/*!40101 SET CHARACTER_SET_CLIENT=@OLD_CHARACTER_SET_CLIENT */;
